{
  "test_summary": {
    "total_calls": 100,
    "successful_calls": 86,
    "failed_calls": 14,
    "success_rate_percent": 86.0,
    "test_duration_seconds": 196.95,
    "target_calls": 100,
    "latency_target_met": true
  },
  "dispatch_latency_ms": {
    "mean": 4.487819449846135,
    "median": 4.730463027954102,
    "p95": 5.639898777008057,
    "p99": 7.992029190063477,
    "min": 2.03704833984375,
    "max": 7.992029190063477
  },
  "call_duration_seconds": {
    "mean": 107.74548568282016,
    "median": 109.25282895565033,
    "min": 30.41140127182007,
    "max": 179.73620200157166
  },
  "error_analysis": {
    "Dispatch failed": 14
  },
  "performance_assessment": {
    "latency_target": "< 600ms (95th percentile)",
    "target_achieved": true,
    "concurrent_calls_supported": 86,
    "max_concurrent_target": 100
  }
}